"dil","sayfa","sira","kaydirma_y","dosya","genislik","yukseklik"
"tr","erweka.html","1","0","tr/erweka/01-kaydirma-y00000.png","1440","1000"
"tr","erweka.html","2","900","tr/erweka/02-kaydirma-y00900.png","1440","1000"
"tr","erweka.html","3","1553","tr/erweka/03-kaydirma-y01553.png","1440","1000"
"tr","gda-p.html","1","0","tr/gda-p/01-kaydirma-y00000.png","1440","1000"
"tr","gda-p.html","2","900","tr/gda-p/02-kaydirma-y00900.png","1440","1000"
"tr","gda-p.html","3","1023","tr/gda-p/03-kaydirma-y01023.png","1440","1000"
"tr","haber.html","1","0","tr/haber/01-kaydirma-y00000.png","1440","1000"
"tr","haber.html","2","643","tr/haber/02-kaydirma-y00643.png","1440","1000"
"tr","hemostatik.html","1","0","tr/hemostatik/01-kaydirma-y00000.png","1440","1000"
"tr","hemostatik.html","2","900","tr/hemostatik/02-kaydirma-y00900.png","1440","1000"
"tr","hemostatik.html","3","1227","tr/hemostatik/03-kaydirma-y01227.png","1440","1000"
"tr","ifak.html","1","0","tr/ifak/01-kaydirma-y00000.png","1440","1000"
"tr","ifak.html","2","900","tr/ifak/02-kaydirma-y00900.png","1440","1000"
"tr","ifak.html","3","931","tr/ifak/03-kaydirma-y00931.png","1440","1000"
"tr","iletisim.html","1","0","tr/iletisim/01-kaydirma-y00000.png","1440","1000"
"tr","iletisim.html","2","340","tr/iletisim/02-kaydirma-y00340.png","1440","1000"
"tr","ilkyardim-cantasi.html","1","0","tr/ilkyardim-cantasi/01-kaydirma-y00000.png","1440","1000"
"tr","ilkyardim-cantasi.html","2","900","tr/ilkyardim-cantasi/02-kaydirma-y00900.png","1440","1000"
"tr","ilkyardim-cantasi.html","3","931","tr/ilkyardim-cantasi/03-kaydirma-y00931.png","1440","1000"
"tr","index.html","1","0","tr/index/01-kaydirma-y00000.png","1440","1000"
"tr","index.html","2","900","tr/index/02-kaydirma-y00900.png","1440","1000"
"tr","index.html","3","1800","tr/index/03-kaydirma-y01800.png","1440","1000"
"tr","index.html","4","2700","tr/index/04-kaydirma-y02700.png","1440","1000"
"tr","index.html","5","3600","tr/index/05-kaydirma-y03600.png","1440","1000"
"tr","index.html","6","4500","tr/index/06-kaydirma-y04500.png","1440","1000"
"tr","index.html","7","5400","tr/index/07-kaydirma-y05400.png","1440","1000"
"tr","index.html","8","5522","tr/index/08-kaydirma-y05522.png","1440","1000"
"tr","kan-durdurucu.html","1","0","tr/kan-durdurucu/01-kaydirma-y00000.png","1440","1000"
"tr","kan-durdurucu.html","2","886","tr/kan-durdurucu/02-kaydirma-y00886.png","1440","1000"
"tr","kbrn-ilkyardim.html","1","0","tr/kbrn-ilkyardim/01-kaydirma-y00000.png","1440","1000"
"tr","kbrn-ilkyardim.html","2","900","tr/kbrn-ilkyardim/02-kaydirma-y00900.png","1440","1000"
"tr","kbrn-ilkyardim.html","3","1800","tr/kbrn-ilkyardim/03-kaydirma-y01800.png","1440","1000"
"tr","kbrn-ilkyardim.html","4","2700","tr/kbrn-ilkyardim/04-kaydirma-y02700.png","1440","1000"
"tr","kbrn-ilkyardim.html","5","3600","tr/kbrn-ilkyardim/05-kaydirma-y03600.png","1440","1000"
"tr","kbrn-ilkyardim.html","6","4500","tr/kbrn-ilkyardim/06-kaydirma-y04500.png","1440","1000"
"tr","kbrn-ilkyardim.html","7","5400","tr/kbrn-ilkyardim/07-kaydirma-y05400.png","1440","1000"
"tr","kbrn-ilkyardim.html","8","6113","tr/kbrn-ilkyardim/08-kaydirma-y06113.png","1440","1000"
"tr","kbrn-nbc.html","1","0","tr/kbrn-nbc/01-kaydirma-y00000.png","1440","1000"
"tr","kbrn-nbc.html","2","900","tr/kbrn-nbc/02-kaydirma-y00900.png","1440","1000"
"tr","kbrn-nbc.html","3","907","tr/kbrn-nbc/03-kaydirma-y00907.png","1440","1000"
"tr","kbrn-numune.html","1","0","tr/kbrn-numune/01-kaydirma-y00000.png","1440","1000"
"tr","kbrn-numune.html","2","900","tr/kbrn-numune/02-kaydirma-y00900.png","1440","1000"
"tr","kbrn-numune.html","3","999","tr/kbrn-numune/03-kaydirma-y00999.png","1440","1000"
"tr","medmak.html","1","0","tr/medmak/01-kaydirma-y00000.png","1440","1000"
"tr","medmak.html","2","900","tr/medmak/02-kaydirma-y00900.png","1440","1000"
"tr","medmak.html","3","1800","tr/medmak/03-kaydirma-y01800.png","1440","1000"
"tr","medmak.html","4","1829","tr/medmak/04-kaydirma-y01829.png","1440","1000"
"tr","sentez.html","1","0","tr/sentez/01-kaydirma-y00000.png","1440","1000"
"tr","sentez.html","2","900","tr/sentez/02-kaydirma-y00900.png","1440","1000"
"tr","sentez.html","3","1532","tr/sentez/03-kaydirma-y01532.png","1440","1000"
"tr","uretim.html","1","0","tr/uretim/01-kaydirma-y00000.png","1440","1000"
"tr","uretim.html","2","866","tr/uretim/02-kaydirma-y00866.png","1440","1000"
"tr","urunler.html","1","0","tr/urunler/01-kaydirma-y00000.png","1440","1000"
"tr","urunler.html","2","900","tr/urunler/02-kaydirma-y00900.png","1440","1000"
"tr","urunler.html","3","1308","tr/urunler/03-kaydirma-y01308.png","1440","1000"
"en","erweka.html","1","0","en/erweka/01-kaydirma-y00000.png","1440","1000"
"en","erweka.html","2","900","en/erweka/02-kaydirma-y00900.png","1440","1000"
"en","erweka.html","3","1553","en/erweka/03-kaydirma-y01553.png","1440","1000"
"en","gda-p.html","1","0","en/gda-p/01-kaydirma-y00000.png","1440","1000"
"en","gda-p.html","2","900","en/gda-p/02-kaydirma-y00900.png","1440","1000"
"en","gda-p.html","3","999","en/gda-p/03-kaydirma-y00999.png","1440","1000"
"en","haber.html","1","0","en/haber/01-kaydirma-y00000.png","1440","1000"
"en","haber.html","2","613","en/haber/02-kaydirma-y00613.png","1440","1000"
"en","hemostatik.html","1","0","en/hemostatik/01-kaydirma-y00000.png","1440","1000"
"en","hemostatik.html","2","900","en/hemostatik/02-kaydirma-y00900.png","1440","1000"
"en","hemostatik.html","3","1248","en/hemostatik/03-kaydirma-y01248.png","1440","1000"
"en","ifak.html","1","0","en/ifak/01-kaydirma-y00000.png","1440","1000"
"en","ifak.html","2","900","en/ifak/02-kaydirma-y00900.png","1440","1000"
"en","ifak.html","3","931","en/ifak/03-kaydirma-y00931.png","1440","1000"
"en","iletisim.html","1","0","en/iletisim/01-kaydirma-y00000.png","1440","1000"
"en","iletisim.html","2","340","en/iletisim/02-kaydirma-y00340.png","1440","1000"
"en","ilkyardim-cantasi.html","1","0","en/ilkyardim-cantasi/01-kaydirma-y00000.png","1440","1000"
"en","ilkyardim-cantasi.html","2","900","en/ilkyardim-cantasi/02-kaydirma-y00900.png","1440","1000"
"en","ilkyardim-cantasi.html","3","931","en/ilkyardim-cantasi/03-kaydirma-y00931.png","1440","1000"
"en","index.html","1","0","en/index/01-kaydirma-y00000.png","1440","1000"
"en","index.html","2","900","en/index/02-kaydirma-y00900.png","1440","1000"
"en","index.html","3","1800","en/index/03-kaydirma-y01800.png","1440","1000"
"en","index.html","4","2700","en/index/04-kaydirma-y02700.png","1440","1000"
"en","index.html","5","3600","en/index/05-kaydirma-y03600.png","1440","1000"
"en","index.html","6","4500","en/index/06-kaydirma-y04500.png","1440","1000"
"en","index.html","7","5400","en/index/07-kaydirma-y05400.png","1440","1000"
"en","index.html","8","5517","en/index/08-kaydirma-y05517.png","1440","1000"
"en","kan-durdurucu.html","1","0","en/kan-durdurucu/01-kaydirma-y00000.png","1440","1000"
"en","kan-durdurucu.html","2","900","en/kan-durdurucu/02-kaydirma-y00900.png","1440","1000"
"en","kan-durdurucu.html","3","931","en/kan-durdurucu/03-kaydirma-y00931.png","1440","1000"
"en","kbrn-ilkyardim.html","1","0","en/kbrn-ilkyardim/01-kaydirma-y00000.png","1440","1000"
"en","kbrn-ilkyardim.html","2","900","en/kbrn-ilkyardim/02-kaydirma-y00900.png","1440","1000"
"en","kbrn-ilkyardim.html","3","1800","en/kbrn-ilkyardim/03-kaydirma-y01800.png","1440","1000"
"en","kbrn-ilkyardim.html","4","2700","en/kbrn-ilkyardim/04-kaydirma-y02700.png","1440","1000"
"en","kbrn-ilkyardim.html","5","3600","en/kbrn-ilkyardim/05-kaydirma-y03600.png","1440","1000"
"en","kbrn-ilkyardim.html","6","4500","en/kbrn-ilkyardim/06-kaydirma-y04500.png","1440","1000"
"en","kbrn-ilkyardim.html","7","5400","en/kbrn-ilkyardim/07-kaydirma-y05400.png","1440","1000"
"en","kbrn-ilkyardim.html","8","6152","en/kbrn-ilkyardim/08-kaydirma-y06152.png","1440","1000"
"en","kbrn-nbc.html","1","0","en/kbrn-nbc/01-kaydirma-y00000.png","1440","1000"
"en","kbrn-nbc.html","2","873","en/kbrn-nbc/02-kaydirma-y00873.png","1440","1000"
"en","kbrn-numune.html","1","0","en/kbrn-numune/01-kaydirma-y00000.png","1440","1000"
"en","kbrn-numune.html","2","900","en/kbrn-numune/02-kaydirma-y00900.png","1440","1000"
"en","kbrn-numune.html","3","999","en/kbrn-numune/03-kaydirma-y00999.png","1440","1000"
"en","medmak.html","1","0","en/medmak/01-kaydirma-y00000.png","1440","1000"
"en","medmak.html","2","900","en/medmak/02-kaydirma-y00900.png","1440","1000"
"en","medmak.html","3","1800","en/medmak/03-kaydirma-y01800.png","1440","1000"
"en","medmak.html","4","1829","en/medmak/04-kaydirma-y01829.png","1440","1000"
"en","sentez.html","1","0","en/sentez/01-kaydirma-y00000.png","1440","1000"
"en","sentez.html","2","900","en/sentez/02-kaydirma-y00900.png","1440","1000"
"en","sentez.html","3","1556","en/sentez/03-kaydirma-y01556.png","1440","1000"
"en","uretim.html","1","0","en/uretim/01-kaydirma-y00000.png","1440","1000"
"en","uretim.html","2","866","en/uretim/02-kaydirma-y00866.png","1440","1000"
"en","urunler.html","1","0","en/urunler/01-kaydirma-y00000.png","1440","1000"
"en","urunler.html","2","900","en/urunler/02-kaydirma-y00900.png","1440","1000"
"en","urunler.html","3","1341","en/urunler/03-kaydirma-y01341.png","1440","1000"
